retention,has_pivot_header,pivot_preserved,fixed_pivot_feasible,raw_validity,semantic_regret,pivot_preserved_given_header
1.0,0.9166666666666666,1.0,1.0,0.9624999999999999,0.0,1.0
0.7,0.5,0.5833333333333334,1.0,0.7033333333333333,0.32007539186837314,0.8333333333333334
0.5,0.8333333333333334,0.5,1.0,0.5083333333333333,0.3749590018564974,0.6
0.3,0.4166666666666667,0.16666666666666666,1.0,0.6291666666666667,0.37522976042222006,0.2
0.1,0.6666666666666666,0.08333333333333333,1.0,0.68,0.33046871404737393,0.0
