category,raw_validity,pivot_preserved,fixed_pivot_feasible,semantic_regret,valid_but_switched
incident,0.9305,0.8,0.03333333333333333,0.2298430952396834,0.18333333333333332
investment,0.8961666666666666,0.2,0.5166666666666667,0.29588931056088963,0.8
narrative,0.9096666666666666,0.7166666666666667,0.0,0.2653363005736357,0.21666666666666667
