model_name,raw_validity,pivot_preserved,fixed_pivot_feasible,semantic_regret,valid_but_switched
Gemma-2-9B-IT,0.8847222222222222,0.6666666666666666,0.08333333333333333,0.3061986848931866,0.3333333333333333
Llama-3.1-8B-Instruct,0.9616666666666666,0.4166666666666667,0.2222222222222222,0.26004845378944147,0.5833333333333334
Mistral-7B-Instruct-v0.3,0.9258333333333333,0.6111111111111112,0.2222222222222222,0.23774393371335073,0.3888888888888889
Phi-3-Medium-14B-Instruct,0.8347222222222221,0.4444444444444444,0.2222222222222222,0.20755999219610324,0.4166666666666667
Qwen-2.5-14B-Instruct,0.9536111111111111,0.7222222222222222,0.16666666666666666,0.30689677936493265,0.2777777777777778
